{"cameraMode":{"drawMode":0,"name":"Shaded","section":"Shading Mode"},"sceneLighting":false,"audioPlay":true,"sceneViewState":{"showFog":true,"showMaterialUpdate":true,"showSkybox":true,"showFlares":true,"showImageEffects":true,"showParticleSystems":true},"in2DMode":false,"pivot":{"x":-0.7515239715576172,"y":0.054041385650634769,"z":3.026839256286621},"rotation":{"x":-0.130865216255188,"y":0.715384840965271,"z":-0.13929691910743714,"w":-0.672082781791687},"size":9.728882789611817,"orthographic":false}