{"cameraMode":{"drawMode":0,"name":"Shaded","section":"Shading Mode"},"sceneLighting":true,"audioPlay":false,"sceneViewState":{"showFog":true,"showMaterialUpdate":false,"showSkybox":true,"showFlares":true,"showImageEffects":true,"showParticleSystems":true},"in2DMode":false,"pivot":{"x":32.31013107299805,"y":-112.957275390625,"z":201.66079711914063},"rotation":{"x":0.26625922322273257,"y":-0.010475991293787957,"z":0.002864656038582325,"w":0.9638403058052063},"size":237.08592224121095,"orthographic":false}