{"cameraMode":{"drawMode":0,"name":"Shaded","section":"Shading Mode"},"sceneLighting":true,"audioPlay":false,"sceneViewState":{"showFog":true,"showMaterialUpdate":true,"showSkybox":true,"showFlares":true,"showImageEffects":true,"showParticleSystems":true},"in2DMode":false,"pivot":{"x":33.6728515625,"y":7.8114213943481449,"z":8.759651184082032},"rotation":{"x":0.14199772477149964,"y":0.02517288736999035,"z":-0.0036235484294593336,"w":0.9895402193069458},"size":17.141132354736329,"orthographic":false}