{"cameraMode":{"drawMode":0,"name":"Shaded","section":"Shading Mode"},"sceneLighting":false,"audioPlay":false,"sceneViewState":{"showFog":true,"showMaterialUpdate":false,"showSkybox":false,"showFlares":true,"showImageEffects":true,"showParticleSystems":true},"in2DMode":false,"pivot":{"x":0.410003662109375,"y":6.260009765625,"z":12.40999984741211},"rotation":{"x":-0.18611963093280793,"y":0.14714618027210236,"z":-0.028179675340652467,"w":-0.9710373282432556},"size":37.340824127197269,"orthographic":false}