{"cameraMode":{"drawMode":0,"name":"Shaded","section":"Shading Mode"},"sceneLighting":true,"audioPlay":false,"sceneViewState":{"showFog":true,"showMaterialUpdate":true,"showSkybox":true,"showFlares":true,"showImageEffects":true,"showParticleSystems":true},"in2DMode":false,"pivot":{"x":33.67549514770508,"y":-44.833824157714847,"z":375.29425048828127},"rotation":{"x":-0.06447307020425797,"y":-0.0011553658405318857,"z":0.00007515575271099806,"w":-0.9979188442230225},"size":391.83477783203127,"orthographic":false}