{"cameraMode":{"drawMode":0,"name":"Shaded","section":"Shading Mode"},"sceneLighting":true,"audioPlay":false,"sceneViewState":{"showFog":true,"showMaterialUpdate":false,"showSkybox":true,"showFlares":true,"showImageEffects":true,"showParticleSystems":true},"in2DMode":false,"pivot":{"x":25.892072677612306,"y":10.292837142944336,"z":-2.7062249183654787},"rotation":{"x":0.36696988344192507,"y":0.6309657692909241,"z":-0.45034173130989077,"w":0.5142058730125427},"size":-0.5353554487228394,"orthographic":false}