{"cameraMode":{"drawMode":0,"name":"Shaded","section":"Shading Mode"},"sceneLighting":false,"audioPlay":false,"sceneViewState":{"showFog":true,"showMaterialUpdate":false,"showSkybox":false,"showFlares":true,"showImageEffects":true,"showParticleSystems":true},"in2DMode":false,"pivot":{"x":5.006000518798828,"y":0.8519999980926514,"z":-0.6630000472068787},"rotation":{"x":0.03842455521225929,"y":0.9567718505859375,"z":-0.2467373162508011,"w":0.14910373091697694},"size":20.88605499267578,"orthographic":false}