{"cameraMode":{"drawMode":0,"name":"Shaded","section":"Shading Mode"},"sceneLighting":true,"audioPlay":false,"sceneViewState":{"showFog":true,"showMaterialUpdate":true,"showSkybox":true,"showFlares":true,"showImageEffects":true,"showParticleSystems":true},"in2DMode":false,"pivot":{"x":33.775577545166019,"y":4.633315563201904,"z":7.822040557861328},"rotation":{"x":0.14199772477149964,"y":0.02517288736999035,"z":-0.0036235484294593336,"w":0.9895402193069458},"size":25.00794219970703,"orthographic":false}