{"cameraMode":{"drawMode":0,"name":"Shaded","section":"Shading Mode"},"sceneLighting":false,"audioPlay":false,"sceneViewState":{"showFog":true,"showMaterialUpdate":false,"showSkybox":false,"showFlares":true,"showImageEffects":true,"showParticleSystems":true},"in2DMode":false,"pivot":{"x":2.885999917984009,"y":0.5839999914169312,"z":-3.1040000915527345},"rotation":{"x":-0.3862725496292114,"y":-0.33738386631011965,"z":0.15432894229888917,"w":-0.8444810509681702},"size":1.4289418458938599,"orthographic":false}