{"cameraMode":{"drawMode":0,"name":"Shaded","section":"Shading Mode"},"sceneLighting":true,"audioPlay":false,"sceneViewState":{"showFog":true,"showMaterialUpdate":true,"showSkybox":true,"showFlares":true,"showImageEffects":true,"showParticleSystems":true},"in2DMode":false,"pivot":{"x":36.55392074584961,"y":4.80291223526001,"z":6.938758850097656},"rotation":{"x":0.2607778310775757,"y":-0.03625786677002907,"z":0.009790478274226189,"w":0.9646680355072022},"size":24.168437957763673,"orthographic":false}