{"cameraMode":{"drawMode":0,"name":"Shaded","section":"Shading Mode"},"sceneLighting":true,"audioPlay":false,"sceneViewState":{"showFog":true,"showMaterialUpdate":false,"showSkybox":true,"showFlares":true,"showImageEffects":true,"showParticleSystems":true},"in2DMode":false,"pivot":{"x":30.114212036132814,"y":9.941987991333008,"z":9.936943054199219},"rotation":{"x":0.14967751502990724,"y":-0.04279609024524689,"z":0.006458318326622248,"w":0.9877871870994568},"size":11.803171157836914,"orthographic":false}