{"cameraMode":{"drawMode":0,"name":"Shaded","section":"Shading Mode"},"sceneLighting":false,"audioPlay":false,"sceneViewState":{"showFog":true,"showMaterialUpdate":false,"showSkybox":false,"showFlares":true,"showImageEffects":true,"showParticleSystems":true},"in2DMode":false,"pivot":{"x":13.19849967956543,"y":1.0261274576187134,"z":-0.0988558828830719},"rotation":{"x":0.13269631564617158,"y":-0.7331721186637878,"z":0.14964836835861207,"w":0.6499659419059753},"size":5.1053056716918949,"orthographic":false}