{"cameraMode":{"drawMode":0,"name":"Shaded","section":"Shading Mode"},"sceneLighting":true,"audioPlay":false,"sceneViewState":{"showFog":true,"showMaterialUpdate":true,"showSkybox":true,"showFlares":true,"showImageEffects":true,"showParticleSystems":true},"in2DMode":false,"pivot":{"x":34.25838088989258,"y":8.732694625854493,"z":9.00031852722168},"rotation":{"x":0.14199772477149964,"y":0.02517288736999035,"z":-0.0036235484294593336,"w":0.9895402193069458},"size":26.761289596557618,"orthographic":false}