{"cameraMode":{"drawMode":0,"name":"Shaded","section":"Shading Mode"},"sceneLighting":true,"audioPlay":false,"sceneViewState":{"showFog":true,"showMaterialUpdate":true,"showSkybox":true,"showFlares":true,"showImageEffects":true,"showParticleSystems":true},"in2DMode":false,"pivot":{"x":32.40127182006836,"y":4.566421031951904,"z":7.29685115814209},"rotation":{"x":0.2478855401277542,"y":-0.014596821740269661,"z":0.003723848145455122,"w":0.9686722159385681},"size":17.280683517456056,"orthographic":false}